product_code,seed_name,seed_price,configuration_id_seed,configuration_source_seed
90614,골드 NO.05.90614M [B650/DDR5][9600/32G/500GB/RTX5060Ti],2745300,,
90619,다이아 NO.06.90619 [B760/DDR5] RGB 수냉 풀패키지 [12700F/16G/500GB/RTX5060Ti],2424700,,
90621,골드 NO.04.90621  [9600/16G/250GB/RTX3050],1623400,,
90622,다이아 NO.06.90622  튜닝PC1위 [12700K/32G/1TB/RTX5060Ti],2860400,P90622,기존
90623,다이아 NO.06.90623 [B760/DDR5]인텔14세대[14700KF/32G/500G/RTX 5070] SUPER],3351200,P90623,기존
90624,다이아 NO.07.90624M [B650/DDR5] RTX 5070[9900X/64G/1TB/RTX5070],4857000,,
90625,골드 NO.06.90625M [9700X/32G/1TB/RTX5060],2847700,,
90628,골드 NO.07.90628   [12900KF/32G/500G/RTX 5070],3640000,P90628,기존
90629,골드 NO.04.90629  [9600/16G/500GB/RTX 5070],2627200,,
90631,골드 NO.07.90631W [B760/DDR5] [12700/32G/500GB/RTX3060],2295500,,
90632,다이아 NO.04.90632  [9600/32G/500GB/RTX 5070],3204200,,
90633,다이아 NO.07.90633  라이젠4위 [5950X/32G/500GB/RTX5060Ti],7883900,,
90639,다이아 NO.06.90639  RGB 수냉 풀패키지 [7700X/32G/500GB/RTX5060Ti],2765700,,
90675,골드 NO.04.90675  [14100F/16GB/500GB/RTX 3050],1268900,P90675,기존
90677,다이아 NO.05.90677W [windows 11 home] RGB 수냉 풀패키지 [14600KF/32G/1TB/RTX5060Ti],2793600,P90677,기존
90678,골드 NO.04.90678  [14400F/16GB/250GB/RTX3050],1336400,P90678,기존
90679,골드 NO.04.90679MW [5600/16G/500GB/RTX5060],1879300,,
90687,골드 NO.04.90687W [14400F/16G/1TB/RTX3050],1676300,P90687,기존
90691,골드 NO.04.90691  [5600/8G/250GB/RTX3050],1070600,P90691,기존
90926,골드 NO.04.90926MW [14400F/16G/250GB/RTX5060],1916600,P90926,기존
92585,골드 NO.03.92585MW [14100F/8G/250GB/RTX3050],1234300,P92585,기존
92608,다이아 NO.06.92608 [B760/DDR5/RTX 5070]영상편집/원컴방송/최고사양게이밍//MD강력추천[12700/32G/500GB/RTX4070Ti SUPER],3195700,,
92610,다이아 NO.06.92610  [7900/16G/500GB/RTX5060Ti],2369500,,
92802,실버 NO.04.92802M  [8500G/16G/500G/Radeon 7],1235900,,
92805,골드 NO.04.92805 [14400F/16G/500GB/RTX3050],1468600,P92805,기존
92806,골드 NO.06.92806M [B760/DDR5][14700/64GB/1TB/RTX5060],3892200,,
92953,다이아 NO.07.92953  [5950X/32G/500GB/RTX5090],16358600,,
93172,골드 NO.03.93172  [13100F/8G/250GB/RTX 3050],1017200,,
93453,다이아 NO.04.93453  [9600/32G/500GB/RTX 5070],3162400,,
93454,골드 NO.04.93454  RTX 3050 [12400F/16G/250GB/RTX3050],1199600,P93454,기존
96311,골드 NO.03.96311  ★인기급상승★ [14100F/8G/256GB/RX7600],1161000,P96311,기존
96988,골드 NO.04.96988  [12400F/8G/250G/RTX 3050],1075700,P96988,기존
96990,실버 NO.04.96990   [12400/16G/500GB/UHD 730],945300,,
97000,다이아 NO.05.97000 [B760/DDR5][인기상품3위]  [14세대 판매 1위] [고사양게이밍 3위][14400F/32G/1TB/RTX5060Ti],2354200,P97000,기존
97909,골드 NO.04.97909  게이밍 2위 가성비 PC [5600/16G/500GB/RTX3050],1276600,P97909,기존
97920,다이아 NO.07.97920 인텔14세대[14900KF/32G/500G/RTX 5070],3847500,,
97926,실버 NO.04.97926M  [8600G/16G/1TB/Radeon 7],1757000,,
97952,다이아 NO.06.97952w[windows 11 home] [7800X3D/32G/1TB/RTX 5070 ],3716500,,
98035,익스트림 NO.04.98035 쿼드로 탑재 [3D 설계 / 캐드 / 인벤터 / 솔리드웍스][9600/16G/500GB/RTX_PRO_2000],4367900,,
98149,골드 NO.04.98149 [인기상품1위]인텔  [12400F/16GB/500GB/RTX5060],1585100,P98149,기존
99025,골드 NO.04.99025  [12700F/16G/500G/RTX3050],1749500,P99025,기존
99218,다이아 NO.04.99218W [9600/32G/1TB/RTX5070],3170300,,
99345,익스트림 NO.04.99345 쿼드로 탑재 [3D 설계 / 캐드 / 인벤터 / 솔리드웍스][265/64G/2TB/RTX_PRO_6000],31017700,,
99413,골드 NO.04.99413MW [14400F/16G/250G/RTX3050],1549600,P90678,기존
99571,다이아 NO.05.99571 [B760/DDR5]인텔14세대[14600KF/16G/500G/RTX 5070],2799900,P99571,기존
99576,골드 NO.06.99576 [B760/DDR5]인텔14세대[14700KF/32G/500G/RTX 5070],4128000,,
99625,골드 NO.04.99625  라이젠2위 [5600/16G/1TB/RTX3050],1429600,P99625,기존
99714,다이아 NO.07.99714M [14600KF/32G/1TB/RTX5070],3467500,,
99718,다이아 NO.04.99718  [9600/16G/500GB/RTX5060Ti],2059600,,
100122,골드 NO.06.100122  [7700X/16GB/256GB/RTX5060],1950200,,
100866,골드 NO.03.100866  13세대게이밍PC[14100F/8G/250GB/RTX 3050],1054900,P100866,기존
100867,골드 NO.04.100867 [AMD전체판매 1위][AMD게이밍1위] 베스트셀러[7500F/16G/500G/RTX5060],1761400,,
100872,다이아 NO.05.100872 라이젠 6세대[9800X3D/32G/1TB/RTX5080],4924800,,
101411,다이아 NO.07.101411  [7955WX/32G/500GB/RTX5060Ti],6826700,,
101537,다이아 NO.06.101537M [7800X3D/32G/1TB/RTX5070],3637200,,
102112,골드 NO.04.102112  [화이트상품 1위][14400F/16G/1TB/RTX5060],1888100,P102112,기존
103731,다이아 NO.06.103731  [7700/16G/500GB/RTX 5070],2838900,,
103732,실버 NO.03.103732  [사무용 1위 인텔12세대][전체판매3위] [12100/8G/250GB/UHD 730],625900,P103732,기존
109637,골드 NO.04.109637W [B760/DDR5] RGB 화이트 [14400F/16G/500GB/RTX5060],2081800,P109637,기존
110783,골드 NO.04.110783 라이젠 6세대 [9600/16G/1TB/RTX5060TI],2180400,,
110784,골드 NO.05.110784 라이젠 5세대[7700X/16G/500G/RTX 5070],3099300,,
110785,실버 NO.03.110785  [12100/16G/250GB/UHD 730],743700,P110785,기존
110786,다이아 NO.06.110786 라이젠 5세대[7900/32G/500G/RTX5060Ti],2828100,,
110787,익스트림 NO.05.110787 쿼드로 탑재 [3D 설계 / 캐드 / 인벤터 / 솔리드웍스][9700X/32G/1TB/RTX_PRO_4000],7618500,,
110994,골드 NO.04.110994 영상편집/원컴방송[12400/16G/500G/RTX5060],1736800,P110994,기존
112706,골드 NO.06.112706 [B760/DDR5][12700F/16G/1TB/RTX 5070],3173800,,
112763,골드 NO.05.112763 라이젠 5세대[7800X3D/16G/1TB/RTX5070],3007200,,
112764,다이아 NO.05.112764 라이젠 5세대[7800X3D/32G/1TB/RTX5070Ti],4076800,,
112765,다이아 NO.06.112765 라이젠 5세대[7800X3D/16G/500G/RTX5060Ti],2356000,,
112766,익스트림 NO.06.112766 쿼드로 탑재 [3D 설계 / 캐드 / 인벤터 / 솔리드웍스][9900X/32G/1TB/RTX_PRO_4000],7746200,,
112767,익스트림 NO.07.112767 쿼드로 탑재 [3D 설계 / 캐드 / 인벤터 / 솔리드웍스][270K+/64G/2TB/RTX_PRO_6000],31362000,,
112768,익스트림 NO.06.112768 쿼드로 탑재 [3D 설계 / 캐드 / 인벤터 / 솔리드웍스][9950X/64G/2TB/RTX_PRO_6000],31705400,,
112769,익스트림 NO.07.112769 쿼드로 탑재 [3D 설계 / 캐드 / 인벤터 / 솔리드웍스][14900KF/32G/1TB/RTX_PRO_5000],17107700,P112769,기존
112770,익스트림 NO.05.112770 쿼드로 탑재 [3D 설계 / 캐드 / 인벤터 / 솔리드웍스][14600KF/32G/1TB/RTX_PRO_4000],7250800,P112770,기존
112854,마닉_프리미엄10001,1555000,P112854,기존
113180,익스트림 NO.07.113180 [14900KF/32G/1TB/RTX5090],12807900,P113180,기존
113182,익스트림 NO.04.113182 [7600X/32G/1TB/RTX 5070Ti],4074300,,
113185,익스트림 NO.06.113185 [7900X/32G/1TB/RTX5080],4685600,,
113186,익스트림 NO.07.113186 [9950X/32G/1TB/RTX5090],13075000,,
113193,실버 NO.04.113193  [5500GT/16G/250GB/Radeon 7],755300,P113193,기존
113226,익스트림 NO.07.113226 VFX 전문가용 [후디니 / 블렌더 3D / 지브러쉬 / 3D 마야][14900K/128G/1TB/RTX5090],16070300,,
113228,익스트림 NO.07.113228 VFX 전문가용 [후디니 / 블렌더 3D / 지브러쉬 / 3D 마야][9950X/128G/1TB/RTX5090],15958400,,
113313,실버 NO.03.113313  사무용 3위 신제품 인텔14세대 [14100/8G/250GB/UHD 730],629000,P113313,기존
113314,실버 NO.03.113314  사무용 4위 신제품 인텔14세대 [14100/16G/500GB/UHD 730],883700,P113314,기존
113315,실버 NO.03.113315  게임용 5위 신제품 인텔14세대 [14100/8G/250GB/RTX 3050],1051700,P113315,기존
113316,실버 NO.03.113316  게임용 4위 신제품 인텔14세대 [14100/16G/500GB/RTX3050],1326400,P113316,기존
113317,실버 NO.03.113317  게임용 3위 신제품 인텔14세대 [14100/16G/500GB/RTX5060],1685300,P113317,기존
113319,실버 NO.04.113319M  27인치 LED 모니터 패키지[5500GT/8G/500GB/Radeon 6],910500,,
113330,실버 NO.04.113330   [12400/8G/250GB/UHD 730],674200,P113330,기존
113334,실버 NO.04.113334  [5500GT/16G/500GB/Radeon 7],883900,P113334,기존
113336,골드 NO.04.113336W  [5600/16G/500GB/RTX3050],1419200,P113336,기존
113454,다이아 NO.04.113454  인텔14세대/RTX5070 TI [14400F/16G/1TB/RTX 5070],2523400,,
113455,다이아 NO.04.113455  인텔14세대/RTX5070 [14600KF/16G/1TB/RTX 5070],2751600,P113455,기존
113457,다이아 NO.04.113457  라이젠 6세대/5070 TI  [9600/16G/1TB/RTX 5070,2739700,,
113469,골드 NO.07.113469  RTX 5070 [14900K/32G/1TB/RTX 5070],3933500,P113469,기존
113500,워크스테이션 NO.07.113500 [AI / 빅데이터 / 딥러닝] [3955WX/128G/1TB+8TB/RTX5090*2],28232800,,
113512,워크스테이션 NO.07.113512 [AI / 빅데이터 / 딥러닝] [7313P/128G/1TB/RTX5090*2],33522900,,
113554,워크스테이션 NO.07.113554 [AI / 빅데이터 / 딥러닝] [7995WX/512G/4TB/RTX_6000*4],168017400,,
113558,워크스테이션 NO.07.113558 [AI / 빅데이터 / 딥러닝] [14900K/64G/1TB/RTX5090],13883900,,
113835,오피스 NO.03.113835 초슬림/미니타워[12100/8G/250G/UHD 730],594300,P113835,기존
113836,오피스 NO.04.113836 초슬림/미니타워[12400/16G/500G/UHD 730],900700,P113836,기존
113837,오피스 NO.03.113837 초슬림/미니타워[8600G/16G/500G/Radeon 7],1202200,,
113838,오피스 NO.04.113838 초슬림/미니타워[5500GT/16G/500G/Radeon 7],872700,P113838,기존
113840,오피스 NO.03.113840 초슬림/미니타워[12100/8G/250G/UHD 730],599400,P113840,기존
113841,오피스 NO.04.113841 초슬림/미니타워[12400/16G/500G/UHD 730],923500,P113841,기존
113843,오피스 NO.04.113843 초슬림/미니타워[5500GT/16G/500G/Radeon 7],891400,P113843,기존
113967,골드 NO.04.113967 라이젠 5세대 [7500F/16G/500G/RTX5060]##,1900500,,
113968,골드 NO.04.113968 라이젠 5세대 [7500F/16G/1TB/RTX5060]##,1945700,,
114085,다이아 NO.04.114085 라이젠 5세대 [7500F/16G/500G/RTX5060Ti]##,2003600,,
114096,다이아 NO.04. 라이젠 6세대 [9600/16G/500G/RTX5060Ti]##,2100300,,
114097,골드 NO.04.114097 라이젠 6세대 [9600/16G/500G/RTX5060]##,2092200,,
114098,골드 NO.04.114098 라이젠 6세대 [9600/16G/500G/RTX5060]##,2092200,,
119302,골드 NO.04.119302 초슬림/미니타워[225F/16G/1TB/RTX5060],1899800,P119302,기존
120218,오피스 NO.04.120218 초슬림/미니타워[12400/16G/500G/UHD 730],910400,,
120219,오피스 NO.03.120219 초슬림/미니타워[12100/8G/250G/UHD 730],605200,,
120220,오피스 NO.04.120220 초슬림/미니타워[5500GT/16G/500G/Radeon 7],860200,P120220,기존
120221,오피스 NO.03.120221 초슬림/미니타워[8600G/16G/500G/Radeon 7],1194500,,
121112,워크스테이션 NO.07.121112 [H100 NVL * 2WAY] [AI / 빅데이터 / 딥러닝] [5975WX/256G/2TB+16TB/H100 NVL 188GB * 2EA,124044600,,
121114,워크스테이션 NO.07.121114 [H100 NVL * 1WAY] [AI / 빅데이터 / 딥러닝] [5975WX/256G/2TB+16TB/H100 NVL 188GB * 1EA,70355600,,
121115,워크스테이션 NO.07.121115 [H100 NVL * 4WAY] [AI / 빅데이터 / 딥러닝] [5975WX/256G/2TB+16TB/H100 NVL 188GB * 4EA,225476300,,
121227,골드 NO.04.121227 [인기상품]  [인텔 Hit] [고사양게이밍 베스트][12400F/16G/500GB/RTX5060],1644300,P121227,기존
121228,골드 NO.04.121228 [인기상품]  [인텔 Hit] [고사양게이밍 베스트][12400F/16G/500GB/RTX5060TI],1746100,P121228,기존
121229,골드 NO.04.121229 [인기상품]  [인텔 Hit] [고사양게이밍 베스트][12400F/32G/1TB/RTX 5070],3023400,,
121257,초저가 가성비짱 골드 NO.04.121257  [12400F/16G/500GB/RTX3050],1280800,P121257,기존
121262,초저가 가성비 골드 NO.04.121262   [AMD전체판매 1위][AMD게이밍1위] [7500F/16G/500GB/RTX3050],1477000,P121262,기존
121265,초저가 가성비 다이아 NO.05.121265 [B760/DDR5][인기상품3위]  [14세대 판매 1위] [고사양게이밍 3위][14400F/32G/1TB/RTX5060Ti],2365900,P121265,기존
121267,골드 NO.04.121267  게이밍 2위  [5600/16G/500GB/RTX3050],1277200,P113336,기존
121275,골드 NO.06.121275 [B760/DDR5][12700F/32G/500GB/RTX5060],2411400,P121275,기존
121290,골드 NO.04.121290w[windows 11 home] 인기상품[windows 11 home][12400F/16G/500GB/RTX5060],1718500,P121290,기존
121291,골드 NO.04.121291W[windows 11 home]  [게이밍 1위 가성비 PC][WINDOWS 11 HOME]  [5600/16G/500GB/RTX3050],1387800,P113336,기존
121499,초저가 가성비 다이아 NO.05.121499 [B760/DDR5][인기상품3위]  [13세대 판매 1위] [고사양게이밍 3위][13400F/32G/1TB/RTX5060Ti],2432600,P121499,기존
121500,다이아 NO.04.121500  인텔13세대/RTX5070 TI [13400F/16G/1TB/RTX 5070],2427000,,
121501,다이아 NO.04.121501  인텔13세대/RTX5070 TI [13400F/16G/1TB/RTX 5070],2418500,,
121502,실버 NO.03.121502  게임용 3위 신제품 인텔13세대 [14100F/16G/500GB/RTX5060],1653100,,
121503,실버 NO.03.121503  게임용 4위 신제품 인텔13세대 [14100F/16G/500GB/RTX3050],1295000,,
121504,실버 NO.03.121504  게임용 5위 신제품 인텔13세대 [14100F/8G/250GB/RTX3050],1018700,,
121505,실버 NO.03.121505  사무용 4위 신제품 인텔13세대 [14100/16G/500GB/UHD 730],902100,,
121506,실버 NO.03.121506  사무용 3위 신제품 인텔13세대 [14100/8G/250GB/UHD 730],629500,,
121508,골드 NO.04.121508 [인기상품 3위]  [13세대 판매 2위] [고사양게이밍 3위]  [13400F/16G/500G/RTX5060],1669700,P121508,기존
121509,골드 NO.04.121509  [화이트상품 1위] [13세대 판매 2위] [게이밍 3위] [13400F/16G/1TB/RTX5060],1780600,P121509,기존
121513,다이아 NO.05.121513 [B760/DDR5][인기상품3위]  [13세대 판매 1위] [고사양게이밍 3위][13400F/32G/1TB/RTX5060Ti],2473900,P121513,기존
121560,골드 NO.07.121560W  [12700/16G/500GB/RTX3050],1661800,P121560,기존
121561,골드 NO.07.121561W [5700X/16G/500GB/RTX3050],1584600,P121561,기존
121716,타무라코지 다이아 NO.07.121716 라이젠 5세대[7800X3D/32G/1TB/RTX5070],3695400,,
122081,완벽한BTF솔루션 NO.07.122081 [완벽한솔루션BTF] [14700KF/64G/1TB/5070 TI],5044200,,
122083,완벽한BTF솔루션 NO.07.122083 [완벽한솔루션BTF] [14700KF/64G/1TB/RTX5070 TI],4929400,,
122086,완벽한BTF솔루션 NO.07.122086 [완벽한솔루션BTF] [14700KF/64G/1TB/RTX5070 TI],5043600,,
122321,다이아 NO.05.122321 [인텔 15세대 애로우레이크][245KF/32G/1TB/RTX5060Ti],2788300,P122321,기존
122325,다이아 NO.05.122325 [인텔 15세대 애로우레이크][245K/16G/500GB/인텔 Xe Graphics],1538500,P122325,기존
122346,다이아 NO.05.122346 [인텔 15세대 애로우레이크][265KF/32G/1TB/RTX5060Ti],3088600,P122346,기존
122355,타무라코지 다이아 NO.07.122355 라이젠 5세대[9800X3D/32G/1TB/RTX5070],3880900,,
122368,다이아 NO.05.122368 [인텔 15세대 애로우레이크][270K+/32G/1TB/RTX5060],3003700,P122368,기존
122371,다이아 NO.05.122371 [인텔 15세대 애로우레이크][270K+/64G/1TB/RTX5090],13480000,,
122738,워크스테이션 NO.07.122738 [AI / 빅데이터 / 딥러닝] [5955WX/64G/2TB/RTX_A6000]***,34687400,,
122761,타무라코지 다이아 NO.07.122761W 라이젠 5세대[7800X3D/32G/1TB/RTX5070],3431900,,
123380,엠에스파워 골드 NO.04 .123380 RTX 3050 [13500/16G/1TB/RTX3050],2164800,,
123384,다이아 NO.07.123384M [12600KF/32G/1TB/RTX 5070],3349300,,
124799,워크스테이션 NO.07.124799W [AI / 빅데이터 / 딥러닝] [14700/32G/500GB/RTX5070 x 2],5881200,,
126028,익스트림 NO.05.126028 [AMD 9800x3d/32G/1TB/RTX5080],4832500,P126028,기존
126029,익스트림 NO.07.126029 [라이젠 5세대 라파엘][7800X3D/32G/1TB/RTX5070Ti],4244100,,
126030,익스트림 NO.07.126030 [라이젠 5세대 라파엘][7800X3D/32G/1TB/RTX5070Ti],4142300,P126030,기존
126031,익스트림 NO.07.126031 [라이젠 6세대 그래니트 릿지][9800X3D/32G/1TB/RTX5080],4842400,,
126032,익스트림 NO.07.126032 [라이젠 6세대 그래니트 릿지][9800X3D/32G/1TB/RTX5080],4832500,P126032,기존
126033,익스트림 NO.07.126033 [라이젠 6세대 그래니트 릿지][9800X3D/64G/2TB/RTX5090],13093300,,
126034,익스트림 NO.07.126034 [라이젠 6세대 그래니트 릿지][9800X3D/64G/2TB/RTX5090],13103200,,
126035,익스트림 NO.07.126035 [인텔 15세대 애로우레이크][265K/32G/1TB/RTX5070Ti],4260700,,
126036,익스트림 NO.07.126036 [인텔 15세대 애로우레이크][265K/32G/1TB/RTX5070Ti],4158900,,
126037,익스트림 NO.07.126037 [인텔 15세대 애로우레이크][265K/32G/1TB/RTX5080],4632300,,
126038,익스트림 NO.07.126038 [인텔 15세대 애로우레이크][265K/32G/1TB/RTX5080],4622400,,
126039,익스트림 NO.07.126039 [인텔 15세대 애로우레이크][270K+/64G/2TB/RTX5090],12959400,,
126040,익스트림 NO.07.126040 [인텔 15세대 애로우레이크][270K+/64G/2TB/RTX5090],12969300,,
127206,다이아 NO.05.127206 [인텔 15세대 애로우레이크][265/16G/1TB/RTX5060TI],2301800,P127206,기존
127207,다이아 NO.05.127207 [인텔 15세대 애로우레이크][245K/16G/1TB/RTX5060TI],2202200,P127207,기존
127210,골드 NO.04.127210 인텔 14세대 랩터레이크R [14600K/16G/1TB/RTX5060TI],2228100,P127210,기존
127309,골드 NO.04.127309 인텔 14세대 랩터레이크R [14600K/32G/1TB/RTX5060],2475800,P127309,기존
127314,다이아 NO.05.127314 [인텔 15세대 애로우레이크][265/32G/1TB/RTX5060Ti],2828500,,
127315,다이아 NO.05.127315 [인텔 15세대 애로우레이크][265/32G/1TB/RTX5060],2529700,P127315,기존
127316,다이아 NO.05.127316 [인텔 15세대 애로우레이크][265/32G/1TB/RTX5070Ti],3974300,P127316,기존
127317,다이아 NO.05.127317 [인텔 15세대 애로우레이크][265/32G/1TB/RTX5070],3216100,P127317,기존
127748,다이아 NO.05.127748 [인텔 15세대 애로우레이크][270K+/64G/1TB/RTX5080],5838300,,
128594,[팝콘피씨] NO.07.128594 [인텔 15세대 애로우레이크][265K/32G/1TB/RTX5070],3533800,P128594,기존
128595,[팝콘피씨] NO.05.128595 라이젠 6세대 [9600/32G/1TB/RX9060XT],2624100,,
128596,[팝콘피씨] NO.09.128596 [9950X3D/128G/1TB/RTX5090],17800600,,
128598,[팝콘피씨] NO.04.128598  [5600/16G/1TB/RX7600],1496100,,
128599,[팝콘피씨] NO.04.128599 라이젠 6세대 [9600/32G/1TB/RX7600],2609200,,
128600,[팝콘피씨] NO.06.128600 라이젠 5세대[7900/32G/2TB/RTX 5060Ti],3623000,,
128601,[팝콘피씨] NO.05.128601 라이젠 5세대[7800X3D/32G/1TB/RX9070XT],3941000,P128601,기존
128789,다이아 NO.05.128789 [인텔 15세대 애로우레이크][265/64G/1TB/RTX5070],4118600,,
129478,다이아 NO.05.129478 라이젠 5세대[7800X3D/32G/1TB/RTX5070],3380900,,
129493,골드 NO.04.129493 라이젠 5세대 [7500F/16G/1TB/RTX5060 TI]##,2118300,P129493,기존
129575,워크스테이션 NO.07.129575 [AI / 빅데이터 / 딥러닝] [7975WX/128G/1TB/RTX5090*2],38413300,,
129765,견적왕 추천PC NO.04.129765 [7500F/16G/1TB/RTX5060],2043100,P129765,기존
129766,견적왕 추천PC NO.04.129766 [7800X3D/32G/2TB/RTX5060Ti],3304000,,
129767,견적왕 추천PC NO.04.129767 [7500X3D/16G/1TB/RTX5060Ti],2302500,P129767,기존
129768,견적왕 추천PC NO.05.129768 [250K+/32G/1TB/RTX5060],2665200,P129768,기존
129769,견적왕 추천PC NO.04.129769 [7800X3D/32G/1TB/RTX5070],3438800,P129769,기존
129770,견적왕 추천PC NO.04.129770 [7800X3D/32G/1TB/RX9070],3271500,,
129771,견적왕 추천PC NO.04.129771 [7800X3D/32G/1TB/RX9070],3166700,,
129772,견적왕 추천PC NO.05.129772 [9800X3D/32G/2TB/RTX5070Ti],4773000,P129772,기존
129804,견적왕 추천PC NO.04.129804 [7500F/16G/500GB/RTX5060],1782700,P129804,기존
129805,견적왕 추천PC NO.05.129805 [9800X3D/32G/1TB/RTX5080],4381100,,
129806,견적왕 추천PC NO.04.129806 [7800X3D/32G/2TB/RTX5070],3861900,,
129807,견적왕 추천PC NO.05.129807 [270K+/32G/2TB/RTX5060Ti],3361900,,
129823,견적왕 추천PC NO.04.129823 [14400F/32G/1TB/RTX5060Ti],1878400,P129823,기존
129829,견적왕 추천PC NO.05.129829 [9800X3D/32G/2TB/RTX5070],4160000,P129829,기존
129830,견적왕 추천PC NO.05.129830 [9800X3D/32G/2TB/RTX5070Ti],5172700,P129830,기존
129831,견적왕 추천PC NO.05.129831 [9800X3D/32G/2TB/RTX5080],5196600,,
129832,견적왕 추천PC NO.04.129832 [9600X/16G/1TB/RTX5070],2635700,P129832,기존
129833,견적왕 추천PC NO.04.129833 [9600X/16G/1TB/RX9060XT],2363200,,
129834,견적왕 추천PC NO.04.129834 [7500F/16G/1TB/RTX5060Ti],1968500,,
129835,견적왕 추천PC NO.05.129835 [245KF/32G/1TB/RTX5060Ti],2757600,,
