configuration_id,source,sold_product_codes_seed,in_recommend_seed,sold_link,selected_job_id,selected_job_status,zip_web_file,zip_web_sha256,zip_reused_from,zip_db_revision,zip_visual_refs
N02,신규,,,없음,,미확인,web/N02.webp,c39ef9140cbe9d1124d21a53d38d2c49c72752d3a736a4c7ad0fd6179c027988,,1,RAM:115974 MB:117812 COOLER:129346 CASE:113919
P113835,기존,113835,113835,확인(시드),,미확인,web/P113835.webp,81e7ccb60b4ceade1d6da36cbb4d7d6dddc96232d568fb2fdfb03ff694df4cc7,,1,GPU:51188 RAM:108887 MB:113685 COOLER:118490 CASE:129552
P113840,기존,113840,113840,확인(시드),,미확인,web/P113840.webp,f8ae1329c75423072a5d683445904d270e9b1c07d23c910a23f19572c3df32e3,,1,GPU:51188 RAM:108887 MB:113685 COOLER:123395 CASE:121492
P103732,기존,103732,103732,확인(시드),,미확인,web/P103732.webp,ec779e24992cb19388a4df457ebbade054bd710bdb37ecc342e21af484df00a8,,1,GPU:51188 RAM:108887 MB:113685 COOLER:123395 CASE:121632
N03,신규,,,없음,,미확인,web/N03.webp,0c3ee4be1dccb44ea2b2740f1ae7e06b95689f886ab9a118621919751732e3f2,,1,RAM:115973 MB:117812 COOLER:129346 CASE:113919
P113313,기존,113313,113313,확인(시드),,미확인,web/P113313.webp,0526f839fad99f8240c5764a32ab36907a8d95cb6a79cf0ff45493ad0a19917e,,1,GPU:51188 RAM:108887 MB:113685 COOLER:128778 CASE:113918
P113330,기존,113330,113330,확인(시드),,미확인,web/P113330.webp,1b2e457a468ad3439d79dcd163b43003c475c21f34cf7e86a13bcd0a993dfbbe,,1,GPU:51188 RAM:108887 MB:113685 COOLER:124455 CASE:123633
N04,신규,,,없음,,미확인,web/N04.webp,13756d110e61577cb942ee6b1c51471e7dbdd308787f7ed67a3cd9c705f73f0b,,1,RAM:115973 MB:126123 COOLER:129346 CASE:113919
P110785,기존,110785,110785,확인(시드),,미확인,web/P110785.webp,41b6fe1566f7d09ccf394de022299e5552d25f64c45a3f110e1be732b974a644,,1,GPU:51188 RAM:109547 MB:113685 COOLER:123395 CASE:113919
P113193,기존,113193,113193,확인(시드),,미확인,web/P113193.webp,e2f9e7e56e8a7abb91439e744a32cf9174e4764101ad4b6d5e5318859eaa5264,,1,GPU:110674 RAM:109547 MB:112504 COOLER:101309 CASE:113919
P120220,기존,120220,120220,확인(시드),,미확인,web/P120220.webp,fb46350df12f3c5d6fad200f17967343b48567998e5a4e2e7292e5fd846d726a,,1,GPU:110674 RAM:109547 MB:112504 COOLER:101309 CASE:123633
P113838,기존,113838,113838,확인(시드),,미확인,web/P113838.webp,da2cb86df44ff461d08fcbc9d57fb67d8cf878032cc43b31f8161bab9db44477,,1,GPU:110674 RAM:109547 MB:112504 COOLER:101309 CASE:129551
P113314,기존,113314,113314,확인(시드),,미확인,web/P113314.webp,fe6f76c028b4d10697c096ef5c6f6a08cf2224570386baf0b2b1cf708815acfa,,1,GPU:51188 RAM:109547 MB:113685 COOLER:128778 CASE:121652
P113334,기존,113334,113334,확인(시드),,미확인,web/P113334.webp,e2f9e7e56e8a7abb91439e744a32cf9174e4764101ad4b6d5e5318859eaa5264,P113193,1,GPU:110674 RAM:109547 MB:112504 COOLER:101309 CASE:113919
P113843,기존,113843,113843,확인(시드),,미확인,web/P113843.webp,5b2690a52c8b6b0d8628332e468cc53aa4d0586d76ecf44e54946fec15e888d1,,1,GPU:110674 RAM:109547 MB:112504 COOLER:101309 CASE:113829
P113836,기존,113836,113836,확인(시드),,미확인,web/P113836.webp,da2cb86df44ff461d08fcbc9d57fb67d8cf878032cc43b31f8161bab9db44477,P113838,1,GPU:51188 RAM:109547 MB:113685 COOLER:118490 CASE:129551
P113841,기존,113841,113841,확인(시드),,미확인,web/P113841.webp,62f5625aa1998447982da7512447f2ad6a44e2c41905d3c35f19dfa65f5f3d83,,1,GPU:51188 RAM:109547 MB:113685 COOLER:128778 CASE:121488
P113315,기존,113315,113315,확인(시드),,미확인,web/P113315.webp,b3986d025726a836838ecfd97b65a68f95dcfd9340516098ea367604ad25e678,,1,GPU:128419 RAM:108887 MB:113685 COOLER:128778 CASE:113918
P100866,기존,100866,100866,확인(시드),,미확인,web/P100866.webp,644819ecb67aaae672444d5ebd14a96572a41a7acecf602f82c63e28942fe1fc,,1,GPU:128419 RAM:108887 MB:113685 COOLER:123395 CASE:121697
P90691,기존,90691,90691,확인(시드),,미확인,web/P90691.webp,7edc34563efd2db0354268f7f12f5742a8863f19b3e2935bb458c113e34ba738,,1,GPU:128419 RAM:108887 MB:112504 COOLER:123395 CASE:113919
P96988,기존,96988,96988,확인(시드),,미확인,web/P96988.webp,876fce151aa408422762b732e2bcb662a6a8a1ca474e2f9927e795f440897392,,1,GPU:128419 RAM:108887 MB:113685 COOLER:123395 CASE:113919
P96311,기존,96311,96311,확인(시드),,미확인,web/P96311.webp,e3a1bdebab812568a8d57918842962058f79c8e74be20ef04b0168f2d7e8e0e6,,1,GPU:116326 RAM:108887 MB:113685 COOLER:123395 CASE:113919
P93454,기존,93454,93454,확인(시드),,미확인,web/P93454.webp,90e89065a776ee76566a5c8c3bc31bf8331c230ab3fd7d9cb5174bfe8a0a8464,,1,GPU:128419 RAM:109547 MB:113685 COOLER:123395 CASE:113919
P92585,기존,92585,92585,확인(시드),,미확인,web/P92585.webp,c99d4bf19a9311176a77f026bcb4c68c7be81cdfa5c30aa3e6af015805a3dd05,,1,GPU:128419 RAM:108887 MB:113685 COOLER:128778 CASE:111087
P90675,기존,90675,90675,확인(시드),,미확인,web/P90675.webp,780def02ec67f59c99f8d2db71d790642d209659750e315d2f08c04cea534a53,,1,GPU:128419 RAM:109547 MB:113685 COOLER:123395 CASE:111087
P97909,기존,97909,97909,확인(시드),,미확인,web/P97909.webp,53f38b31a5d8c714c62dcd63d8381b25ae06f965d8ae059e14e3eaf9eafbae82,,1,GPU:128419 RAM:109547 MB:112504 COOLER:121789 CASE:121652
P121257,기존,121257,121257,확인(시드),,미확인,web/P121257.webp,2d8743d0341136e2d4edc71c166d90bd9590d5643ec18dbc561808501de8d5dc,,1,GPU:128419 RAM:109547 MB:113685 COOLER:123395 CASE:120979
P113316,기존,113316,113316,확인(시드),,미확인,web/P113316.webp,2ce9210a52d23a99ee010bc4b27250d8e1794231a0227417b534cff578e1fa95,,1,GPU:128419 RAM:109547 MB:113685 COOLER:128778 CASE:113918
P90678,기존,90678 99413,90678 99413,확인(시드),,미확인,web/P90678.webp,0bb4abbca661d0ff22be01898802606e754343a353c668d3367bff8c607ac8d3,,1,GPU:128419 RAM:113850 MB:116508 COOLER:123395 CASE:113919
N05,신규,,,없음,,미확인,web/N05.webp,cb9448cc1b0f1c2f871676000a6e74392dc7a43cb259ff04de394ca4c81d451c,,1,RAM:127920 MB:118328 COOLER:129346 CASE:113919
P113336,기존,113336 121267 121291,113336 121267 121291,확인(시드),,미확인,web/P113336.webp,a899a10df510e1fc03f78a2123c760d407a4b384572947b194b35dd4be1f2e3d,,1,GPU:128419 RAM:109547 MB:112504 COOLER:121789 CASE:124186
P99625,기존,99625,99625,확인(시드),,미확인,web/P99625.webp,53f38b31a5d8c714c62dcd63d8381b25ae06f965d8ae059e14e3eaf9eafbae82,P97909,1,GPU:128419 RAM:109547 MB:112504 COOLER:121789 CASE:121652
N06,신규,,,없음,,미확인,web/N06.webp,19fd6c17fc602d2f5ceccb4328591cebe7db9ecb95cb1cd5a2e67c0ace042326,,1,GPU:127419 RAM:127334 MB:118328 COOLER:129346 CASE:113919
P92805,기존,92805,92805,확인(시드),,미확인,web/P92805.webp,a7f301e0e6dd8a3de217d861bf397df95ee1130dcda7b589e5dba95a0985cc9f,,1,GPU:128419 RAM:113850 MB:116508 COOLER:123395 CASE:113918
P121262,기존,121262,121262,확인(시드),,미확인,web/P121262.webp,5831008c37b2bfe783cae16bb438cc1ee7782ff6bf62f93d3d6ffd5528815fe2,,1,GPU:128419 RAM:113162 MB:126924 COOLER:123395 CASE:120979
P122325,기존,122325,122325,확인(시드),,미확인,web/P122325.webp,d56481b0241c59ea9b98ff4e28c47f780908b42b9808af085bb3abcc503e5791,,1,GPU:122324 RAM:113162 MB:122305 COOLER:114723 CASE:121281
P112854,기존,112854,112854,확인(시드),,미확인,web/P112854.webp,a4009cba47d65422a2f73c8a502bcd433192cdcce37b0b2b9a3075a6d4b7075c,,1,GPU:128419 RAM:113162 MB:113689 COOLER:111403 CASE:120979
P121561,기존,121561,121561,확인(시드),,미확인,web/P121561.webp,f8c85841f73ba79723045920ad3e88e0ba69749b1c72500ca2ba197bc380ac12,,1,GPU:128419 RAM:109547 MB:112504 COOLER:123395 CASE:107524
P98149,기존,98149,98149,확인(시드),,미확인,web/P98149.webp,a3aaecee55651b6040ef1bae7a37924142a9f827d9c4d3dc33ad3537294c4768,,1,GPU:124852 RAM:109547 MB:113685 COOLER:123395 CASE:121242
P121227,기존,121227,121227,확인(시드),,미확인,web/P121227.webp,bb929089dca5659672ad7d1ea7d1dbadaf860426b510205d8fc436c92895c12e,,1,GPU:124852 RAM:109547 MB:113685 COOLER:123395 CASE:124985
P121560,기존,121560,121560,확인(시드),,미확인,web/P121560.webp,5c5924467ef19f83be6d722e6aab10bcbb416a4e2070851559f3425ab99984ce,,1,GPU:128419 RAM:109547 MB:113685 COOLER:123395 CASE:107524
P90687,기존,90687,90687,확인(시드),,미확인,web/P90687.webp,0bb4abbca661d0ff22be01898802606e754343a353c668d3367bff8c607ac8d3,P90678,1,GPU:128419 RAM:113850 MB:116508 COOLER:123395 CASE:113919
P121508,기존,121508,121508,확인(시드),,미확인,web/P121508.webp,bc3e6d8a7c9284b6224e68f9cedaffd7c3a78c23ad91f24591eb15985b311ec1,,1,GPU:127405 RAM:109547 MB:113685 COOLER:123395 CASE:113919
P113317,기존,113317,113317,확인(시드),,미확인,web/P113317.webp,4bab06d019baa3874b362e5b8ed21137a863981cc7e3ad9295600505cd138732,,1,GPU:126853 RAM:109547 MB:113685 COOLER:128778 CASE:113918
P121290,기존,121290,121290,확인(시드),,미확인,web/P121290.webp,801f61b0bd2ea41df658a6cce87fedea3fa00a1e6fa9bd2cec035c0f6826f216,,1,GPU:124852 RAM:108887 MB:113685 COOLER:123395 CASE:124985
P110994,기존,110994,110994,확인(시드),,미확인,web/P110994.webp,4bab06d019baa3874b362e5b8ed21137a863981cc7e3ad9295600505cd138732,P113317,1,GPU:126853 RAM:109547 MB:113685 COOLER:128778 CASE:113918
P121228,기존,121228,121228,확인(시드),,미확인,web/P121228.webp,dad0a469d435bda42df4eeb3aaab6dca8e5069dfb56fdebfb62b1063035d0494,,1,GPU:124631 RAM:109547 MB:113685 COOLER:123395 CASE:124985
P99025,기존,99025,99025,확인(시드),,미확인,web/P99025.webp,fd9db56136c74050226567a6d106be3f7b7a4eb562c22188545341ce859e4ff4,,1,GPU:128419 RAM:113850 MB:113689 COOLER:123395 CASE:120979
P121509,기존,121509,121509,확인(시드),,미확인,web/P121509.webp,1ef6bba0698abb8d3ec8428c305a52f7f5b1573697b7aebb69cb99b2b86ee97d,,1,GPU:124852 RAM:109547 MB:113685 COOLER:128778 CASE:124186
P129804,기존,129804,129804,확인(시드),,미확인,web/P129804.webp,0614acbd050fffa615596d9eed59b180d8bd5f4c0ddfd01b20171e77f21e923e,,1,GPU:129333 RAM:127334 MB:123917 COOLER:128119 CASE:120979
P129823,기존,129823,129823,확인(시드),,미확인,web/P129823.webp,e8e7123dc9580de599c25aa412d05903e517959181e7969f8770d1be053b11a3,,1,GPU:124633 RAM:108494 MB:128825 COOLER:128119 CASE:113919
P102112,기존,102112,102112,확인(시드),,미확인,web/P102112.webp,4a47ef2b60e5e38bc145b45edac609b9aadd41045aadafcf95775051d77e25f6,,1,GPU:124852 RAM:113850 MB:116508 COOLER:128778 CASE:121652
P119302,기존,119302,119302,확인(시드),,미확인,web/P119302.webp,44fb1b285870925ca2737bb8bd65dc3fc209f6acfed45c44a2a7d69c900d15ed,,1,GPU:124852 RAM:113162 MB:128827 COOLER:123395 CASE:128646
N07,신규,,,없음,4fd70b96-2e26-4621-8f6a-0ab6ad641c24,"확인(DB 10/2, 연락 스레드 근거)",web/N07.webp,d8a52f6f35a24910d12acb342d332a059d9298941dea1651d6a7b36d618af903,,1,GPU:128400 RAM:127920 MB:118328 COOLER:129346 CASE:113919
P90926,기존,90926,90926,확인(시드),,미확인,web/P90926.webp,184c5217725daf12230bcd8f18269700e909b3dcb91ffdf29c31e2165e524c2b,,1,GPU:126853 RAM:113850 MB:116508 COOLER:128778 CASE:113918
P129765,기존,129765,129765,확인(시드),,미확인,web/P129765.webp,da40d48e98f22e768228a7feddddbd5714627d02a5a3f6c642519171fe1595dd,,1,GPU:127047 RAM:127334 MB:123917 COOLER:128119 CASE:120979
P109637,기존,109637,109637,확인(시드),,미확인,web/P109637.webp,595a58f3602efa89b596b8600395759223b1e478e64550458a4133f751e30e38,,1,GPU:124852 RAM:113162 MB:113689 COOLER:128778 CASE:118432
P129493,기존,129493,129493,확인(시드),,미확인,web/P129493.webp,2664e14879fa133a8fd28d3b17d7bd76bf9f80ec2e88005e27bb2dab1b010032,,1,GPU:124631 RAM:113850 MB:123917 COOLER:128119 CASE:120979
P127207,기존,127207,127207,확인(시드),,미확인,web/P127207.webp,d9f043dcd9725fb68fcb13855a7e6f132b8e41d9c224bb92427b8706e38b967c,,1,GPU:124631 RAM:113162 MB:127203 COOLER:124765 CASE:121355
P127210,기존,127210,127210,확인(시드),,미확인,web/P127210.webp,edea15aa7acc26037220bc1152dea6fda2d3aa8a87ef55e5c059a9846772d292,,1,GPU:124631 RAM:113162 MB:113689 COOLER:124765 CASE:121652
P127206,기존,127206,127206,확인(시드),,미확인,web/P127206.webp,f370319cfa2f5aded7566aa10284ac4b6270400dff05939ef22095a26cb7f884,,1,GPU:124631 RAM:113162 MB:127203 COOLER:128779 CASE:121242
P129767,기존,129767,129767,확인(시드),,미확인,web/P129767.webp,ef7f93191a233f6d2864084ee21b5597bcc51825fb4ff58e033472b7c4b538e1,,1,GPU:128424 RAM:127917 MB:113700 COOLER:127522 CASE:128611
P97000,기존,97000,97000,확인(시드),,미확인,web/P97000.webp,5b1083faefb05e10767e8636493131caa92ca290d9586f7a546ffb148986e238,,1,GPU:124631 RAM:127555 MB:113689 COOLER:123395 CASE:121632
P121265,기존,121265,121265,확인(시드),,미확인,web/P121265.webp,5b1083faefb05e10767e8636493131caa92ca290d9586f7a546ffb148986e238,P97000,1,GPU:124631 RAM:127555 MB:113689 COOLER:123395 CASE:121632
P121275,기존,121275,121275,확인(시드),,미확인,web/P121275.webp,d7b209eaadaee80ad304a7018aeaefe21d9a40b3ce0ccd958b7948ef59b75902,,1,GPU:124852 RAM:127555 MB:113689 COOLER:123395 CASE:107524
N08,신규,,,없음,,미확인,web/N08.webp,1f10be6a0158ee8cedb72084d8cb908a26d146d377149cd8756ebfd8554b0508,,1,GPU:128389 RAM:127920 MB:118328 COOLER:129346 CASE:113919
P121499,기존,121499,121499,확인(시드),,미확인,web/P121499.webp,9ae93fe7e7a97e1da97e876425b87841db73f4013d7148a80cb2f65e823fa123,,1,GPU:124631 RAM:127555 MB:113689 COOLER:123395 CASE:121697
P121513,기존,121513,121513,확인(시드),,미확인,web/P121513.webp,9ae93fe7e7a97e1da97e876425b87841db73f4013d7148a80cb2f65e823fa123,P121499,1,GPU:124631 RAM:127555 MB:113689 COOLER:123395 CASE:121697
P127309,기존,127309,127309,확인(시드),,미확인,web/P127309.webp,c2eb07a882de519b2f28a61f7ce620cbb7228580db248b53a298ce9360abe51f,,1,GPU:126853 RAM:127555 MB:113689 COOLER:124765 CASE:121652
P127315,기존,127315,127315,확인(시드),,미확인,web/P127315.webp,09e15c6b820d165b77b59eedaf74e469202cb8e019d9cab132806476c260d713,,1,GPU:127405 RAM:127555 MB:127203 COOLER:128779 CASE:122194
P129832,기존,129832,129832,확인(시드),,미확인,web/P129832.webp,b627cef447917ad706d7dfbcffc949ef75348b75fdca366e1b70571afdbfc8cc,,1,GPU:123795 RAM:127334 MB:123917 COOLER:128119 CASE:127295
N09,신규,,,없음,,미확인,web/N09.webp,73d604202420ea9d9f9d46db0bdc5a4b73e62c4013ae21892ada8a211853b455,,1,GPU:123795 RAM:127920 MB:118328 COOLER:129346 CASE:113919
P129768,기존,129768,129768,확인(시드),,미확인,web/P129768.webp,bc5497aa938b0cde95c6964dce6a58f95de55709969b0fb4b0e577d1e297c7fb,,1,GPU:127338 RAM:113850 MB:124898 COOLER:127522 CASE:120979
P113455,기존,113455,113455,확인(시드),,미확인,web/P113455.webp,ada9e996b17b402853170b7d71e15f1a9037fe98b9da7880af3d6355a1b63dd4,,1,GPU:124407 RAM:113850 MB:113689 COOLER:128779 CASE:113918
P122321,기존,122321,122321,확인(시드),,미확인,web/P122321.webp,d0a60b45e5cfdffacb27dd4b8e18fdc3538e25eb1e85c88e33ad11a96eca25a9,,1,GPU:124631 RAM:127555 MB:122305 COOLER:120906 CASE:121697
P90677,기존,90677,90677,확인(시드),,미확인,web/P90677.webp,dfd60dd2807f8eeb6c9a83333637a4b535cabb1f0aebd696d0a49563d5d46f04,,1,GPU:124631 RAM:127555 MB:113689 COOLER:128953 CASE:124465
P99571,기존,99571,99571,확인(시드),,미확인,web/P99571.webp,3ff332c86d1e4232974d27e5f28a7f263913d9519ce292d2e5843487b26f1897,,1,GPU:124407 RAM:113162 MB:113689 COOLER:128779 CASE:118431
P90622,기존,90622,90622,확인(시드),,미확인,web/P90622.webp,be4c4dadc40c88ad12276d94aab44310e8f7baf5bcb754ac490ee1aae4948dc8,,1,GPU:124631 RAM:127555 MB:112458 COOLER:114514 CASE:107524
P122368,기존,122368,122368,확인(시드),,미확인,web/P122368.webp,c60987674a1b2366f10d9ab2e66b6161200eeb55c11c5f43db1ce562ba68959b,,1,GPU:124852 RAM:127555 MB:122305 COOLER:128954 CASE:124467
N10,신규,,,없음,,미확인,web/N10.webp,7ba3ba5be075fb69410d81d7ab1379d08c63791191a6509aa3f8c0742d8a7397,,1,GPU:123693 RAM:127920 MB:123734 COOLER:121155 CASE:113919
P122346,기존,122346,122346,확인(시드),,미확인,web/P122346.webp,6529f002328887c1f14f53fd1e4295f13723426a6cc0fbd33740a68977c5502f,,1,GPU:124631 RAM:127555 MB:122305 COOLER:128953 CASE:124465
P127317,기존,127317,127317,확인(시드),,미확인,web/P127317.webp,2ad689d03bf95d3e35477b18641bd965901e6123453f1618af48d3e78876003d,,1,GPU:124407 RAM:127555 MB:127203 COOLER:128779 CASE:118431
P90623,기존,90623,90623,확인(시드),,미확인,web/P90623.webp,dd7f1fc8f1c6466552b26e1e69ce16569447822ec0a3b9cc3e6341990b39bd1f,,1,GPU:124407 RAM:127555 MB:113689 COOLER:128953 CASE:121632
N11,신규,,,없음,,미확인,web/N11.webp,ceabf4f0bebe65faf8708ac1e30b8fe09be06afd88a0392880ef47d5c567964f,,1,GPU:128405 RAM:127920 MB:123734 COOLER:121155 CASE:113919
P129769,기존,129769,129769,확인(시드),,미확인,web/P129769.webp,f8c33c879c35552aa82478db1e3c6b802d44ca75a8da7d6b36fb74c3f6d7a3ad,,1,GPU:124407 RAM:127334 MB:124223 COOLER:128587 CASE:128611
P128594,기존,128594,128594,확인(시드),,미확인,web/P128594.webp,97ed4c68dd9a70a2f61867d436bc940f5003da6ac2bbc52f02a6b956192b01bf,,1,GPU:126067 RAM:127555 MB:122305 COOLER:123603 CASE:128091
P90628,기존,90628,90628,확인(시드),,미확인,web/P90628.webp,ab27eef021ec588b264203c9a413a3fcd35259a5c3afd5d67a436bc7fe1f3dab,,1,GPU:124407 RAM:127555 MB:112458 COOLER:128953 CASE:124465
N12,신규,,,없음,,미확인,web/N12.webp,ceabf4f0bebe65faf8708ac1e30b8fe09be06afd88a0392880ef47d5c567964f,N11,1,GPU:128405 RAM:127920 MB:123734 COOLER:121155 CASE:113919
P113469,기존,113469,113469,확인(시드),,미확인,web/P113469.webp,2c9d50fb65a05d4dd7421f84c528e197c1bfb8efaf72cd9f16a9e728a1b254c8,,1,GPU:124407 RAM:127555 MB:112458 COOLER:128954 CASE:124467
P128601,기존,128601,128601,확인(시드),,미확인,web/P128601.webp,be785cfa9f4e66827f149ce66247d06ace75b69a28c16840bd42046591798ad0,,1,GPU:123708 RAM:127555 MB:127659 COOLER:121011 CASE:123208
P127316,기존,127316,127316,확인(시드),,미확인,web/P127316.webp,5755b57445e9185e18f4cf8d068f37494aef4cad7362c4f951589a2c7301330c,,1,GPU:123887 RAM:127555 MB:127203 COOLER:124765 CASE:118432
N14,신규,,,없음,,미확인,web/N14.webp,0b482757e1e44decb119b0864ee9501099acb8c70c50b6d5c5bc8d9c1f056519,,1,GPU:128389 RAM:127937 MB:123734 COOLER:124010 CASE:124522
P126030,기존,126030,126030,확인(시드),,미확인,web/P126030.webp,8f073f93ee196ec55e121e46de8b3424bcc8d69813fb6e939e9b60b01eb3f9b0,,1,GPU:123887 RAM:127555 MB:121758 COOLER:123867 CASE:123604
P129829,기존,129829,129829,확인(시드),,미확인,web/P129829.webp,d85b6e143f5c94ddc3e4104ee30897e669e38c7590c302a0c33b71824bfa0d37,,1,GPU:123795 RAM:129775 MB:127724 COOLER:121011 CASE:129380
N13,신규,,,없음,,미확인,web/N13.webp,f9fdebb2da89e8039103e5403b5602e7e84a0ad20c408f7d3bd87ac7814db56c,,1,GPU:123365 RAM:127920 MB:123734 COOLER:121155 CASE:124522
P129772,기존,129772,129772,확인(시드),,미확인,web/P129772.webp,bcbc2b97dfc16bd49761299824bb53f216bc1ff616666bd405253f9a3d89a431,,1,GPU:123572 RAM:128728 MB:123057 COOLER:114723 CASE:119447
N17,신규,,,없음,,미확인,web/N17.webp,1b0c96ba8d957bd759a207d6b61fc82c99eaf05e30db63398ebef3b69c792bf9,,1,GPU:128389 RAM:121277 MB:123734 COOLER:124010 CASE:124522
P126028,기존,126028,126028,확인(시드),,미확인,web/P126028.webp,12eaf219f4c3e770a1eb2223432fd8dcabb362082d91f6f858802ee7a423fedf,,1,GPU:123291 RAM:127555 MB:121758 COOLER:123867 CASE:122560
P126032,기존,126032,126032,확인(시드),,미확인,web/P126032.webp,7a896de67065dc27c4498f32f30dde50ac06438ddcd07c9eaa04a5b3e030b02d,,1,GPU:123291 RAM:127555 MB:121758 COOLER:123867 CASE:123604
P129830,기존,129830,129830,확인(시드),,미확인,web/P129830.webp,adc14f5a89304c089d3cae2ed0cfba0c8710c3a1689ad13e5e951e81f12dd2b2,,1,GPU:123589 RAM:124962 MB:124231 COOLER:128645 CASE:108693
N15,신규,,,없음,,미확인,web/N15.webp,58d79657b43d716f82af34b129b66d10ab83c2d51437721345d334a2f243fd6a,,1,GPU:123365 RAM:127937 MB:123734 COOLER:124010 CASE:124522
P112770,기존,112770,112770,확인(시드),,미확인,web/P112770.webp,6700043acb57533297ae2f88c4c7e3a4ce6ccf500350e475ac327b88c6a5968e,,1,GPU:128080 RAM:127555 MB:113689 COOLER:128779 CASE:121632
P113180,기존,113180,113180,확인(시드),,미확인,web/P113180.webp,3f988e3640265ccd6b4edb0b0f140f3a5ac7b5a07edff43b41b4928f7808976c,,1,GPU:123372 RAM:127555 MB:113689 COOLER:128954 CASE:119856
P112769,기존,112769,112769,확인(시드),,미확인,web/P112769.webp,390788fc9c27f00767aae2d11db85c25c39b08e9c5e4f466ceabc26d4ab2e1f0,,1,GPU:128085 RAM:127555 MB:113689 COOLER:128954 CASE:118432
